source hobbylistdb-schema.sql;

insert into users values('ruben', MD5('ruben'), 'Ruben', 'ruben@acme.com');
insert into user_roles values ('ruben', 'registered');

insert into users values('marc', MD5('marc'), 'Marc', 'marc@acme.com');
insert into user_roles values ('marc', 'registered');

insert into movies (title, username, tag) values ('Pelicula 1', 'ruben', 'Visto');
insert into movies (title, username, tag) values ('Pelicula 2', 'ruben', 'Visto');
insert into movies (title, username, tag) values ('Pelicula 3', 'ruben', 'Visto');
insert into movies (title, username, tag) values ('Pelicula 4', 'ruben', 'Visto');
insert into movies (title, username, tag) values ('Pelicula 5', 'ruben', 'Visto');
insert into movies (title, username, tag) values ('Pelicula 6', 'ruben', 'Visto');
insert into movies (title, username, tag) values ('Pelicula 7', 'ruben', 'Visto');
insert into movies (title, username, tag) values ('Pelicula 8', 'ruben', 'Visto');
insert into movies (title, username, tag) values ('Pelicula 9', 'ruben', 'Visto');
insert into movies (title, username, tag) values ('Pelicula 10', 'ruben', 'Pendiente');
insert into movies (title, username, tag) values ('Pelicula 11', 'ruben', 'Pendiente');
insert into movies (title, username, tag) values ('Pelicula 12', 'ruben', 'Siguiendo');
insert into books (title, username, tag) values ('Libro 1', 'ruben', 'Visto');
insert into books (title, username, tag) values ('Libro 2', 'ruben', 'Visto');
insert into books (title, username, tag) values ('Libro 3', 'ruben', 'Visto');
insert into books (title, username, tag) values ('Libro 4', 'ruben', 'Visto');
insert into books (title, username, tag) values ('Libro 5', 'ruben', 'Visto');
insert into books (title, username, tag) values ('Libro 6', 'ruben', 'Visto');
insert into books (title, username, tag) values ('Libro 7', 'ruben', 'Visto');
insert into books (title, username, tag) values ('Libro 8', 'ruben', 'Pendiente');
insert into books (title, username, tag) values ('Libro 9', 'ruben', 'Siguiendo');
insert into games (title, username, tag) values ('Videojuego 1', 'ruben', 'Visto');
insert into games (title, username, tag) values ('Videojuego 2', 'ruben', 'Visto');
insert into games (title, username, tag) values ('Videojuego 3', 'ruben', 'Visto');
insert into games (title, username, tag) values ('Videojuego 4', 'ruben', 'Visto');
insert into games (title, username, tag) values ('Videojuego 5', 'ruben', 'Siguiendo');
insert into games (title, username, tag) values ('Videojuego 6', 'ruben', 'Siguiendo');
insert into movies (title, username, tag) values ('Pelicula 1', 'marc', 'Visto');
insert into movies (title, username, tag) values ('Pelicula 3', 'marc', 'Visto');
insert into movies (title, username, tag) values ('Pelicula 4', 'marc', 'Pendiente');
insert into movies (title, username, tag) values ('Pelicula 5', 'marc', 'Visto');
insert into movies (title, username, tag) values ('Pelicula 7', 'marc', 'Pendiente');
insert into movies (title, username, tag) values ('Pelicula 12', 'marc', 'Visto');
insert into movies (title, username, tag) values ('Pelicula 13', 'marc', 'Pendiente');
insert into movies (title, username, tag) values ('Pelicula 14', 'marc', 'Visto');
insert into books (title, username, tag) values ('Libro 1', 'marc', 'Visto');
insert into books (title, username, tag) values ('Libro 2', 'marc', 'Visto');
insert into books (title, username, tag) values ('Libro 3', 'marc', 'Visto');
insert into games (title, username, tag) values ('Videojuego 1', 'marc', 'Visto');
insert into games (title, username, tag) values ('Videojuego 2', 'marc', 'Visto');
insert into games (title, username, tag) values ('Videojuego 3', 'marc', 'Visto');